session_id,date,function,execution_time
None,2024-08-26,user_prediction_thought,2.251444101333618
None,2024-08-26,user_prediction_thought_revision,0.7803189754486084
None,2024-08-26,voe_thought,1.8023560047149658
None,2024-08-26,voe_derive_facts,1.620779037475586
None,2024-08-26,check_dups,6.229485034942627
None,2024-08-26,user_prediction_thought,2.593308210372925
None,2024-08-26,user_prediction_thought_revision,0.9600739479064941
None,2024-08-26,voe_thought,1.295861005783081
None,2024-08-26,voe_derive_facts,2.74762225151062
None,2024-08-26,check_dups,5.326452970504761
None,2024-08-26,user_prediction_thought,1.8752529621124268
None,2024-08-26,user_prediction_thought_revision,0.8640880584716797
None,2024-08-26,voe_thought,1.1320743560791016
None,2024-08-26,voe_derive_facts,2.158203125
efb63d11-75f5-4c18-b464-f508a9f324b9,2024-08-29,user_prediction_thought,2.152379035949707
efb63d11-75f5-4c18-b464-f508a9f324b9,2024-08-29,user_prediction_thought_revision,1.869568109512329
efb63d11-75f5-4c18-b464-f508a9f324b9,2024-08-29,voe_thought,1.5450379848480225
efb63d11-75f5-4c18-b464-f508a9f324b9,2024-08-29,voe_derive_facts,2.308875799179077
efb63d11-75f5-4c18-b464-f508a9f324b9,2024-08-29,check_dups,0.1434938907623291
efb63d11-75f5-4c18-b464-f508a9f324b9,2024-08-29,user_prediction_thought,1.8378870487213135
efb63d11-75f5-4c18-b464-f508a9f324b9,2024-08-29,user_prediction_thought_revision,0.8557119369506836
efb63d11-75f5-4c18-b464-f508a9f324b9,2024-08-29,voe_thought,1.492868185043335
efb63d11-75f5-4c18-b464-f508a9f324b9,2024-08-29,voe_derive_facts,1.9283220767974854
efb63d11-75f5-4c18-b464-f508a9f324b9,2024-08-29,check_dups,6.165520906448364
efb63d11-75f5-4c18-b464-f508a9f324b9,2024-08-29,user_prediction_thought,2.3937690258026123
efb63d11-75f5-4c18-b464-f508a9f324b9,2024-08-29,user_prediction_thought_revision,0.7653429508209229
efb63d11-75f5-4c18-b464-f508a9f324b9,2024-08-29,voe_thought,1.7229881286621094
efb63d11-75f5-4c18-b464-f508a9f324b9,2024-08-29,voe_derive_facts,2.1137077808380127
efb63d11-75f5-4c18-b464-f508a9f324b9,2024-08-29,check_dups,6.242233991622925
efb63d11-75f5-4c18-b464-f508a9f324b9,2024-08-29,user_prediction_thought,2.4148898124694824
efb63d11-75f5-4c18-b464-f508a9f324b9,2024-08-29,user_prediction_thought_revision,1.9395709037780762
efb63d11-75f5-4c18-b464-f508a9f324b9,2024-08-29,voe_thought,1.9206993579864502
efb63d11-75f5-4c18-b464-f508a9f324b9,2024-08-29,voe_derive_facts,2.448179006576538
efb63d11-75f5-4c18-b464-f508a9f324b9,2024-08-29,check_dups,4.2661659717559814
efb63d11-75f5-4c18-b464-f508a9f324b9,2024-08-29,user_prediction_thought,2.5275938510894775
efb63d11-75f5-4c18-b464-f508a9f324b9,2024-08-29,user_prediction_thought_revision,3.3170089721679688
efb63d11-75f5-4c18-b464-f508a9f324b9,2024-08-29,voe_thought,2.3793070316314697
efb63d11-75f5-4c18-b464-f508a9f324b9,2024-08-29,voe_derive_facts,1.7834608554840088
efb63d11-75f5-4c18-b464-f508a9f324b9,2024-08-29,check_dups,3.2031171321868896
efb63d11-75f5-4c18-b464-f508a9f324b9,2024-08-29,user_prediction_thought,2.1664490699768066
efb63d11-75f5-4c18-b464-f508a9f324b9,2024-08-29,user_prediction_thought_revision,1.6939122676849365
